{
    "detect_and_localize": 233.05317186750472,
    "estimate_motion": 0.7466108202934265
}