{
    "detect_and_localize": 314.6240046409657,
    "estimate_motion": 8.158572808024473
}